id,headline,google,deepl,dutch_lemmas,google_lemmas,deepl_lemmas
10367,Dijsselbloem pessimistisch over snelle stappen Grieken,Dijsselbloem pessimistic about fast steps Greeks,Dijsselbloem pessimistic about quick steps Greeks,Dijsselbloem pessimistisch over snel stap Griek,Dijsselbloem pessimistic about fast step Greeks,Dijsselbloem pessimistic about quick step Greeks
11191,Aandelenbeurzen zetten koersopmars voort,Stock exchanges continue to grow,Equity markets continue price march,Aandelenbeurzen zetten koersopmars voren,stock exchange continue to grow,equity market continue price march
12363,Deutsche Bank bezuinigt miljarden na megaboete,Deutsche Bank cuts billions after mega fine,Deutsche Bank cuts billions after megaboete,Deutsche Bank bezuinigen miljard na megaboete,Deutsche Bank cut billion after mega fine,Deutsche Bank cut billion after megaboete
12367,Spanje rekent op grootste groei in 8 jaar,Spain is counting on the largest growth in 8 years,Spain expects largest growth in 8 years,Spanje rekenen op groot groei in 8 jaar,Spain be count on the largest growth in 8 year,Spain expect largest growth in 8 year
12501,Van Baalen (VVD) wil Griekenland uit de euro,Van Baalen (VVD) wants Greece out of the euro,Van Baalen (VVD) wants Greece to get out of the euro,van Baalen ( VVD ) willen Griekenland uit de euro,Van Baalen ( VVD ) want Greece out of the euro,Van Baalen ( VVD ) want Greece to get out of the euro
12681,EU-ministers nog niet tevreden over Griekenland,EU ministers not yet satisfied with Greece,EU ministers not yet satisfied with Greece,EU-ministers nog niet tevreden over Griekenland,EU minister not yet satisfied with Greece,EU minister not yet satisfied with Greece
13105,Bonden bezorgd over flirt tussen Delhaize en Ahold,Bounds concerned about flirt between Delhaize and Ahold,Unions concerned about flirtation between Delhaize and Ahold,Bonden bezorgen over flirt tussen Delhaize en Ahold,bound concerned about flirt between Delhaize and Ahold,Unions concerned about flirtation between Delhaize and Ahold
15261,Inflatie gedaald naar laagste niveau in 27 jaar: nul procent,Inflation dropped to lowest level in 27 years: zero percent,Inflation dropped to lowest level in 27 years: zero percent,Inflatie dalen naar laag niveau in 27 jaar : nul procent,inflation drop to lowest level in 27 year : zero percent,inflation drop to lowest level in 27 year : zero percent
18751,Duizenden Grieken protesteren in Athene tegen bezuinigingen,Thousands of Greeks are protesting against austerity in Athens,Thousands of Greeks protest in Athens against austerity measures,duizend Grieken protesteren in Athene tegen bezuiniging,thousand of Greeks be protest against austerity in Athens,thousand of Greeks protest in Athens against austerity measure
21653,Dow weer boven 18.000 punten,"Dow again above 18,000 points","Dow weather above 18,000 points",Dow weer boven 18.000 punt,"Dow again above 18,000 point","Dow weather above 18,000 point"
21973,Britse werkloosheid daalt verder,British unemployment continues to fall,Unemployment continues to fall in the UK,Brits werkloosheid dalen verder,british unemployment continue to fall,Unemployment continue to fall in the UK
23549,Grieken kunnen nog enkele weken vooruit,Greeks can continue a few weeks,Greeks still have a few weeks to go,Grieken kunnen nog enkel week vooruit,Greek can continue a few week,Greek still have a few week to go
23939,S&#38;P blijft somber over Griekenland,S &amp; P remains gloomy about Greece,S&#38;P remains gloomy about Greece,S&#38;P blijven somber over Griekenland,be &amp ; p remain gloomy about Greece,S&# 38;p remain gloomy about Greece
26193,Wisselkoersen drukken winstgroei Michael Page,Exchange rates express earnings growth Michael Page,Exchange rates depressing earnings growth Michael Page,Wisselkoersen drukken winstgroei Michael Page,Exchange rate express earning growth Michael Page,Exchange rate depresse earning growth Michael page
26615,TSN Thuiszorg wil 650 medewerkers kwijt,TSN Thuiszorg wants to lose 650 employees,TSN Home care wants to lose 650 employees,TSN Thuiszorg willen 650 medewerker kwijten,TSN Thuiszorg want to lose 650 employee,TSN home care want to lose 650 employee
26857,Spaarrente duikt onder 1 procent,Savings is below 1 percent,Savings interest dives below 1 percent,Spaarrent duiken onder 1 procent,savings be below 1 percent,savings interest dive below 1 percent
26983,Grieks drama of Griekse redding?,Greek drama or Greek salvation?,Greek drama or Greek rescue?,Grieks drama of Grieks redding ?,greek drama or greek salvation ?,greek drama or greek rescue ?
27069,Spaarrente duikt onder 1 procent,Savings is below 1 percent,Savings interest dives below 1 percent,Spaarrent duiken onder 1 procent,savings be below 1 percent,savings interest dive below 1 percent
29203,Meer hoop voor Grieken,More hope for Greeks,More hope for Greeks,veel hoop voor Grieken,more hope for Greeks,more hope for Greeks
30591,Wall Street opent vrijwel onveranderd,Wall Street opens virtually unchanged,Wall Street opens almost unchanged,Wall Street openen vrijwel onveranderd,wall Street open virtually unchanged,wall Street open almost unchanged
30629,Technologie kan groei VS aanjagen,Technology can drive US growth,Technology can drive US growth,technologie kunnen groei VS aanjagen,technology can drive US growth,technology can drive US growth
31705,Laagopgeleide raakt verder achterop,The less educated is further behind,Low-educated gets further behind,Laagopgeleide raken ver achterop,the less educated be further behind,low - educate get further behind
33235,Beurshandel in teken Grieks marathonoverleg,Stock exchange sign Greek marathon meeting,Stock exchange trade in sign Greek marathon meeting,Beurshandel in teken Grieks marathonoverleg,stock exchange sign greek marathon meeting,stock exchange trade in sign greek marathon meeting
34959,Nog nooit exporteerde Duitsland zoveel als in 2014,Never before has Germany exported as much as in 2014,Never before has Germany exported as much as in 2014,nog nooit exporteren Duitsland zoveel als in 2014,never before have Germany export as much as in 2014,never before have Germany export as much as in 2014
36311,Varoufakis: koste wat het kost schuld aflossen,Varoufakis: at all costs pay off debt,Varoufakis: repay debt at any cost,Varoufakis : ko wat het kost schuld aflos,Varoufakis : at all cost pay off debt,Varoufakis : repay debt at any cost
40877,Is rentestijging een raadsel?,Is interest rate rise a riddle?,Is rising interest rates a mystery?,zijn rentestijging een raadsel ?,be interest rate rise a riddle ?,be rise interest rate a mystery ?
41249,IMF verwacht herstel Russische economie,IMF expects recovery Russian economy,IMF expects Russian economy to recover,IMF verwenken herstel Russisch economie,Imf expect recovery russian economy,Imf expect russian economy to recover
42729,Belastingplan: btw gaat op veel producten naar 21 procent,Tax plan: VAT goes to 21 percent on many products,Tax plan: VAT goes to 21 percent on many products,Belastingplan : btw gaan op veel product naar 21 procent,tax plan : Vat go to 21 percent on many product,tax plan : Vat go to 21 percent on many product
43589,Live - Merkel: Grieken mogen hun eigen keuze maken,Live - Merkel: Greeks may make their own choice,Live - Brandel: Greeks can make their own choice,live - Merkel : Grieken mogen hun eigen keuze maken,Live - Merkel : Greek may make they own choice,Live - Brandel : Greeks can make they own choice
148571717,"Help! De prijzen dalen!; Staat van de Nederlandse economie Bestendige groei, hoge werkloosheid en deflatie","Help! The prices are falling !; State of the Dutch economy Steady growth, high unemployment and deflation","Help! Prices are falling; State of the Dutch economy Sustained growth, high unemployment and deflation","Help ! de prijs dalen ! ; Staat van de Nederlands economie bestendig groei , hoog werkloosheid en deflatie","help ! the price be fall ! ; State of the Dutch economy steady growth , high unemployment and deflation","help ! price be fall ; state of the Dutch economy Sustain growth , high unemployment and deflation"
148571718,Er zit vaart in de economie,There is speed in the economy,The economy is gaining momentum,er zien vaart in de economie,there be speed in the economy,the economy be gain momentum
148571724,"CBS Economie is met 0,5 procent gegroeid",CBS Economy has grown by 0.5 percent,CBS Economy has grown by 0.5 percent,"CBS economie zijn met 0,5 procent gegroeid",CBS economy have grow by 0.5 percent,CBS economy have grow by 0.5 percent
150280829,Huizenkoper grijpt kans; Hypotheekrente nooit zo laag,House buyer seizes opportunity; Mortgage rates never so low,Home buyer seizes opportunity; Mortgage interest never so low,Huizenkoper grijpt kans ; Hypotheekrente nooit zo laag,House buyer seize opportunity ; Mortgage rates never so low,home buyer seizes opportunity ; Mortgage interest never so low
150281029,Cijfer van de week,Figure of the week,Number of the week,Cijfer van de week,figure of the week,number of the week
150281053,Hypotheken weer hot; Investeerders keren terug via nieuwe aanbieders,Mortgages again hot; Investors return via new providers,Mortgages hot again; Investors return via new providers,Hypotheken weer hten ; Investeerders keren terug via nieuw aanbieder,Mortgage again hot ; investor return via new providr,Mortgage hot again ; investor return via new providr
150281163,Overdracht in mkb sneuvelt voor finish,Transfer in SMEs will die before the finish,Transfer in SMEs dies before finish,Overdracht in mkb sneuvelen voor finish,transfer in SMEs will die before the finish,transfer in SMEs die before finish
150281620,Provincie Utrecht aan kop; DFT legt twaalf provincies voor verkiezingen langs de economische meetlat,Province of Utrecht at the top; DFT lays twelve provinces for elections along the economic yardstick,Province of Utrecht in the lead; DFT puts twelve provinces at the economic yardstick for elections,provincie Utrecht aan kop ; DFT leggen twaalf provincie voor verkiezing langs de economisch meetlat,Province of Utrecht at the top ; Dft lay twelve province for election along the economic yardstick,Province of Utrecht in the lead ; DFT put twelve province at the economic yardstick for election
150281726,"Pensioenfonds klem door ECB; Van beursbonanza wordt niet maximaal geprofiteerd, lage rente doet pijn","Pension fund clamp by the ECB; From stock bonanza is not maximized, low interest hurts","Pension fund clampdown by ECB; no maximum benefit from stock exchange bonus, low interest rate hurts","Pensioenfonds klem door ECB ; van beursbonanza worden niet maximaal profiteren , laag rente doen pijn","Pension fund clamp by the ECB ; from stock bonanza be not maximize , low interest hurt","Pension fund clampdown by ECB ; no maximum benefit from stock exchange bonus , low interest rate hurt"
150281956,Verkoop van huizen daalt,Sale of houses is falling,House sales are falling,verkoop van huis dalen,sale of house be fall,House sale be fall
150282114,Tien keer Apple,Ten times Apple,Ten times Apple,tien keer Apple,ten time Apple,ten time Apple
150282115,Melkprijs in vrije val; Laag tarief voor melkveehouders begint zich te wreken,Milk price in free fall; Low rate for dairy farmers begins to avenge themselves,Milk price in free fall; Low rate for dairy farmers starts to avenge itself,Melkprijs in vrij val ; laag tarief voor melkveehouder beginnen zich te wreken,milk price in free fall ; low rate for dairy farmer begin to avenge themselves,milk price in free fall ; low rate for dairy farmer start to avenge itself
150282116,Zweedse rente onder nulpunt,Swedish interest below zero,Swedish zero interest rate,Zweeds rente onder nulpunt,swedish interest below zero,swedish zero interest rate
150282117,Tik voor begroting door lage inflatie; Daling gasprijs is extra tegenvaller overheid,Tap budget for low inflation; Falling gas price is extra disappointing government,Tik voor begroting door lage inflatie; Daling gasprijs is extra tegenvaller overheid,Tik voor begroting door laag inflatie ; Daling gasprijs zijn extra tegenvaller overheid,tap budget for low inflation ; fall gas price be extra disappointing government,Tik voor begrot door lage inflatie ; Daling gasprij be extra tegenvaller overheid
150282118,Glas op Wall Street halfvol,Glass on Wall Street half full,Glas op Wall Street halfvol,glas op Wall Street halfvol,Glass on Wall Street half full,Glas op Wall Street halfvol
150282124,Opleving huizenmarkt zet ook door in 2015,The housing market also continues in 2015,Completion of the housing market continues in 2015,Opleving huizenmarkt zetten ook door in 2015,the housing market also continue in 2015,completion of the housing market continue in 2015
150282126,Banen weg door inzet postscooter,Jobs away by deploying a postscooter,Jobs away by inserting postscooter,Banen weg door inzet postscooter,Jobs away by deploy a postscooter,Jobs away by inserting postscooter
150282229,Onderzoek rentebeleid banken,Investigate interest rate policies banks,Research interest policy banks,onderzoek rentebeleid banken,investigate interest rate policy bank,research interest policy bank
150282410,"Nerd in de lift, manager buitenspel","Nerd in the elevator, manager offside","Nerd in the elevator, manager offside","Neren in de lift , manag buitenspel","nerd in the elevator , manager offside","nerd in the elevator , manager offside"
150282475,Geld. Goedkope benzine leidt tot extreem lage inflatie begin dit jaar,Money. Cheap gasoline leads to extremely low inflation early this year,Money. Cheap petrol leads to extremely low inflation early this year,geld . goedkoop benzine leiden tot extreem laag inflatie begin dit jaar,money . cheap gasoline lead to extremely low inflation early this year,money . cheap petrol lead to extremely low inflation early this year
150284544,Minder woningen onder water,Less homes under water,Fewer houses under water,weinig woningen onder water,less home under water,fewer house under water
150284790,Werkloosheid iets gedaald in eurozone,Unemployment slightly declined in the eurozone,Unemployment slightly down in eurozone,werkloosheid iets dalen in eurozone,Unemployment slightly decline in the eurozone,Unemployment slightly down in eurozone
150285229,Dijsselbloem maakt voortgang met Grieken,Dijsselbloem is making progress with Greeks,Dijsselbloem makes progress with Greeks,Dijsselbloem maken voortgang met Grieken,thDijsselbloey be make progress with Greeks,thDijsselbloey make progress with Greeks
150285231,Inflatie in Nederland gezakt naar nulpunt,Inflation down to zero in the Netherlands,Inflation in the Netherlands has fallen to zero,Inflatie in Nederland zken naar nulpunt,inflation down to zero in the Netherlands,inflation in the Netherlands have fall to zero
150285232,Webwinkel Zalando boekt eerste winst,Webshop Zalando makes the first profit,Webshop Zalando makes first profit,Webwinkel Zalando boken één winst,Webshop Zalando make the first profit,Webshop Zalando make first profit
150285254,IEA voorziet mogelijk herstel van olieprijs,IEA provides for possible oil price recovery,IEA foresees possible recovery of oil price,Iea voorziet mogelijk herstel van olieprijs,IEA provide for possible oil price recovery,IEA foresee possible recovery of oil price
150285303,Opeens is er groei in heel Europa,Suddenly there is growth all over Europe,Suddenly there is growth across Europe,opeens zijn er groei in heel Europa,suddenly there be growth all over Europe,suddenly there be growth across Europe
150285706,Werkgelegenheid EU is verbeterd,Employment EU has improved,EU employment has improved,werkgelegenheid Eu zijn verbeteren,employment EU have improve,EU employment have improve
150285949,Vergrijzing remt huizenprijzen,Aging inhibits house prices,Ageing inhibits house prices,Vergrijzing rmen huizenprijzen,A inhibit 's house price,Age inhibit 's house price
150285997,`Klein bedrijf meest gebaat bij akkoord met VS,`Small business benefits most from agreement with the US,`Small business benefits most from agreement with the US,`Klein bedrijf veel baten bij akkoord met VS,` small business benefit most from agreement with the US,` small business benefit most from agreement with the US
150286193,Breng gevaren fondsen in kaart,Map dangers funds,Map dangers funds,Breng gevaren fonds in kaart,map danger fund,map danger fund
150286207,Een zomers scenario,A summer scenario,Een zomers scenario,een zomer scenario,a summer scenario,Een zomer scenario
150286325,Ziek van vrijhandel,Ill of free trade,Ill from free trade,ziek van vrijhandel,Ill of free trade,Ill from free trade
150286328,Zwakke start beursjaar,Weak start of the stock market year,Weak start of the exhibition year,Zwakk start beursjaar,weak start of the stock market year,weak start of the exhibition year
150286710,Bronzen pensioenstelsel maakt Nederland gevaarlijk illiquide,Bronze pension system makes the Netherlands dangerously illiquid,Bronze pension system makes the Netherlands dangerously illiquid,bronzen pensioenstelsel maken Nederland gevaarlijk illiquien,bronze pension system make the Netherlands dangerously illiquid,bronze pension system make the Netherlands dangerously illiquid
150286729,Noodlijdend Oekraine hoopt op IMF-noodkrediet,Distressed Ukraine hopes for IMF emergency credit,Urgent Ukraine hopes for IMF emergency credit,Noodlijdend Oekraine hopen op IMF-noodkrediet,Distress Ukraine hope for Imf emergency credit,urgent Ukraine hope for IMF emergency credit
150286991,Huizenverkopen VS gedaald,US home sales dropped,US house sales down,Huizenverkoop VS dalen,US home sale drop,US house sale down
150287149,Commerzbank voorziet nieuwe tegenslagen,Commerzbank anticipates new setbacks,Commerzbank anticipates new setbacks,Commerzbank voorzien nieuw tegenslag,Commerzbank anticipate new setback,Commerzbank anticipate new setback
150287150,Lening tegen laagste rente ooit,Loan at lowest interest ever,Loan at lowest interest rate ever,lening tegen laag rente ooit,loan at lowest interest ever,loan at lowest interest rate ever
150287152,Snelle daling van inflatie goed voor de koopkracht,Rapid decline in inflation good for purchasing power,Rapid decline in inflation good for purchasing power,snel daling van inflatie goed voor de koopkracht,rapid decline in inflation good for purchase power,rapid decline in inflation good for purchase power
150287153,Webwinkelgigant Zalando maakt voor het eerst sinds bestaan winst,Web store giant Zalando is making a profit for the first time since its existence,Web store giant Zalando makes profit for the first time in existence,Webwinkelgigant Zalando maken voor het één sinds bestaan winst,web store giant Zalando be make a profit for the first time since its existence,web store gian Zalando make profit for the first time in existence
150287154,Zweedse centrale bank stapt over op negatieve rente,The Swedish central bank switches to negative interest rates,Swedish central bank switches to negative interest rate,Zweeds centraal bank stappen over op negatief rente,the swedish central bank switch to negativing interest rate,swedish central bank switch to negativing interest rate
150287155,State of the market,State of the market,State of the market,State of the market,State of the market,State of the market
150287158,Minder gas winnen hoeft geen geld te kosten,Winning less gas does not have to cost money,Winning less gas does not have to cost money,weinig gas winnen hobben geen geld te kosten,win less gas do not have to cost money,win less gas do not have to cost money
150287160,`Britse inflatie zal verder dalen,British inflation will continue to fall,British inflation will continue to fall,`Brits inflatie zullen verder dalen,british inflation will continue to fall,british inflation will continue to fall
150287733,FNV pleit voor crisispakket pensioenfondsen,FNV argues for crisis package pension funds,FNV advocates crisis package for pension funds,Fnv pleiten voor crisispakket pensioenfonds,haFnve argue for crisis package pension fund,haFnve advocate crisis package for pension fund
150289181,EU-miljardenfonds creeert 34.000 banen in Nederland,"EU billion fund creates 34,000 jobs in the Netherlands","EU billion fund creates 34,000 jobs in the Netherlands",EU-miljardenfonds creeren 34.000 ban in Nederland,"EU billion fund create 34,000 job in the Netherlands","EU billion fund create 34,000 job in the Netherlands"
150289763,Geld rolt weer,Money rolls again,Money rolls again,geld rolen weer,money roll again,money roll again
150290047,Griekenland met blufpoker op weg naar de verlenging,Greece with bluff poker on the way to the extension,Greece with blufpoker on its way to the extension,Griekenland met blufpoker op weg naar de verlenging,Greece with bluff poker on the way to the extension,Greece with blufpoker on its way to the extension
150290282,Cijfers uit VS drukken sentiment op beurzen,Figures from the US express sentiment at trade fairs,US figures print sentiment on stock exchanges,Cijfer uit VS drukken sentiment op beurs,figure from the US express sentiment at trade fair,US figure print sentiment on stock exchange
150290740,ECB geeft Grieken lucht,ECB gives Greeks air,ECB gives Greece air,ECB geven Grieken lucht,ECB give Greeks air,ECB give Greece air
150290814,Rechtsbijstand moet zuiniger,Legal aid must be more economical,Legal aid should be more economical,Rechtsbijstand moeten zuinig,legal aid must be more economical,legal aid should be more economical
150290877,"Voorstel komt te snel, eerst even uitblazen","Proposal comes too quickly, first blow out","Proposal comes too fast, first blow out a little","voorstel komen te snel , eerst even uitblazen","proposal come too quickly , first blow out","proposal come too fast , first blow out a little"
150291001,Banken lonken naar - sommige - zzpers,Banks beckon to - some - self-employed people,Banks beckon at - some - zzpers,Bank lonken naar - sommig - zzper,bank beckon to - some - self - employ people,bank beckon at - some - zzper
150291466,Burger is wakker: TTIP komt eraan,Burger is awake: TTIP is coming,Burger is awake: TTIP is coming,burger zijn wakk : TTIP komen eraan,Burger be awake : Ttip be come,Burger be awake : Ttip be come
150291742,Jongeren boos om oneerlijk laag minimumloon,Young people angry at unfair low minimum wage,Young people angry at unfair low minimum wage,jong boos om oneerlijk laag minimumloon,young people angry at unfair low minimum wage,young people angry at unfair low minimum wage
150291782,In een dag 300 mln. aan spaargeld weg,In one day 300 million worth of savings,300 million in savings in one day away,in een dag 300 mln . aan spaargeld weg,in one day 300 million worth of savings,300 million in savings in one day away
150291802,Kans op tijdige oplossing Griekse crisis minimaal,Opportunity for a timely solution Greek crisis minimal,Chance of timely resolution of Greek crisis minimal,kans op tijdig oplossing Grieks crisis minimaal,opportunity for a timely solution greek crisis minimal,chance of timely resolution of greek crisis minimal
150292190,G20-top in teken van Grexit en dreigende valuta-oorlog,G20 summit in sign of Grexit and threatening currency war,G20 summit in the sign of Grexit and imminent currency war,G20-top in teken van Grexit en dreigen valuta-oorlog,G20 summit in sign of Grexit and threaten currency war,G20 summit in the sign of Grexit and imminent currency war
150292612,Asscher: Wet flexwerk niet na paar incidenten aanpassen,Asscher: Do not adjust flex work after a few incidents,Asscher: Act flexwork not after few incidents adjust,Asscher : wet flexwerk niet na paar incident aanpassen,Asscher : do not adjust flex work after a few incidents,Asscher : act flexwork not after few incidents adjust
150292974,Triodos wil sterker inzetten op hypotheken,Triodos wants to bet stronger on mortgages,Triodos wants to focus more on mortgages,Triodos willen sterk inzet op hypothek,Triodos want to bet stronger on mortgage,Triodos want to focus more on mortgage
163416476,WW teruggeschroefd,WW scaled back,WW scaled down,Ww teruggeschroefd,WW scal back,WW scal down
163464790,Geen lagere belastingen maar banen,No lower taxes but jobs,No lower taxes but jobs,geen laag belasting maar ban,no lower tax but job,no lower tax but job
163500076,Hypotheekaanvragen stijgen explosief door aantrekkende woningmarkt,Mortgage applications are rising explosively due to the attractive housing market,Mortgage applications rise explosively due to the recovery of the housing market,Hypotheekaanvrag stijgen explosief door aantrekken woningmarken,Mortgage applications be rise explosively due to the attractive housing market,Mortgage applications rise explosively due to the recovery of the housing market
164107322,"V&D : geen loonoffer, wel 400 ontslagen","V &D: no salary sacrifice, 400 dismissals","V&D : no wage sacrifice, but 400 redundancies","V&D : geen loonoffer , wel 400 ontslag","have & : no salary sacrifice , 400 dismissal","V&d : no wage sacrifice , but 400 redundancy"
164107571,Het gevecht voor 15 dollar per uur,The fight for 15 dollars per hour,Het gevecht voor 15 dollar per uur,het vechten voor 15 dollar per uur,the fight for 15 dollar per hour,Het gevecht voor 15 dollar per uur
164107572,"V&D schrapt 400 banen, lonen hoeven niet omlaag","V &D scrapes 400 jobs, wages do not have to go down","V&D deletes 400 jobs, wages do not have to be reduced","V&D schrappen 400 ban , lonen hoijven niet omlaag","have &D scrape 400 job , wage do not have to go down","V&d delete 400 job , wage do not have to be reduce"
164107832,Huurstijging bepaald door kwaliteit woning,Rental increase determined by quality property,Rent increase determined by the quality of the home,Huurstijging bepalen door kwaliteit woning,rental increase determine by quality property,rent increase determine by the quality of the home
18231,Hulpprogramma Griekenland wordt niet verlengd,The Greece aid program is not being extended,The aid programme for Greece will not be extended,Hulpprogramma Griekenland worden niet verlengen,the Greece aid program be not be extend,the aid programme for Greece will not be extend
150282119,Moeders werken dankzij de omas; Ouders creatief in omzeilen dure kinderopvang,Mothers work thanks to the grandmothers; Parents get creative in bypassing expensive childcare,Mothers work thanks to the omas; Parents creative in bypassing expensive childcare,Moeder werken dankzij de omas ; ouder creatief in omzeil dur kinderopvang,mothers work thanks to the grandmother ; Parents get creative in bypass expensive childcare,mothers work thanks to the oma ; Parents creative in bypass expensive childcare
34831,Knot vindt geldpers aanzetten paardenmiddel voor half procent i,Knot thinks the money press is starting equine substance for half percent i,Knot finds cash press turn on horse medicine for half percent i,Knot vinden geldper aanzetten paardenmiddel voor half procent us,Knot think the money press be start equine substance for half percent I,Knot find cash press turn on horse medicine for half percent I
148572031,UWV blokkeert ontslag van 158 man bij Heijmans,UWV blocks the dismissal of 158 employees at Heijmans,UWV blocks dismissal of 158 people at Heijmans,UWV blokkeren ontslag van 158 man bij Heijmans,UWV block the dismissal of 158 employee at Heijmans,haUwve block dismissal of 158 people at Heijmans
148572094,De secretaresse heet nu management assistant,The secretary is now called management assistant,The secretary is now called a management assistant.,de secretaresse heten nu management assistant,the secretary be now call management assistant,the secretary be now call a management assistant .
150281308,Griekenland betaalt IMF,Greece pays IMF,Greece pays IMF,Griekenland betalen IMF,Greece pay IMF,Greece pay IMF
150281905,Bol.com haalt V,Bol.com makes V,Bol.com gets V,Bol.com halen v,Bol.com make V,Bol.com get V
150284144,Vaste baan is niet langer de norm,Permanent employment is no longer the norm,Fixed track is no longer the norm,vast baan zijn niet lang de norm,permanent employment be no longer the norm,fix track be no longer the norm
150285296,Oppositie wilde ook `mes in veiligheid,Opposition also wanted a knife in safety,Opposition also wanted knife in safety,oppositie willen ook `me in veiligheid,opposition also want a knife in safety,opposition also want knife in safety
150285763,Groei- en banencijfers zetten druk op onderhandelingen met Grieken,Growth and job figures put pressure on negotiations with Greeks,Growth and employment figures put pressure on negotiations with Greeks,Groei- en banencijfer zetten druk op onderhandeling met Grieken,growth and job figure put pressure on negotiation with Greeks,growth and employment figure put pressure on negotiation with Greeks
150285942,Brussel ligt dwars bij nieuw instituut voor hypotheken,Brussels is at odds with a new institute for mortgages,Brussels is bordering on new institute for mortgages,Brussel liggen dwars bij nieuw instituut voor hypothek,Brussels be at odd with a new institute for mortgage,Brussels be border on new institute for mortgage
150286406,"Het lukt de AEX maar niet door de 500 puntengrens te breken +7,2% -9,3%",The AEX succeeds but cannot break through the 500 point limit + 7.2% -9.3%,"The AEX succeeds, but not by breaking the 500 point limit +7.2% -9.3%.","het lukken de AEX maar niet door de 500 puntengrens te breken +7,2% -9,3%",the AEX succeed but can not break through the 500 point limit + 7.2 % - 9.3 %,"the AEX succeed , but not by break the 500 point limit +7.2 % - 9.3 % ."
150286851,"`Noors model vertoont barstjes; Terwijl Nederland de aardgasbaten verjubelde, stopten de Noren de inkomsten uit olie in een speciaal fonds. Moeten `wij dat voorbeeld alsnog volgen?","`Norwegian model shows cracks; While the Netherlands cheered the natural gas revenues, the Norwegians put the income from oil into a special fund. Should `we still follow that example?","The Norwegian model shows cracks; while the Netherlands rejoiced in the natural gas revenues, the Norwegians put the income from oil into a special fund. Should we follow that example?","`Noors model vertonen barst ; terwijl Nederland de aardgasbaat verjublen , stoppen de Noren de inkomsten uit olie in een speciaal fond . moeten `wij dat voorbeeld alsnog volgen ?","` norwegian model show crack ; while the Netherlands cheer the natural gas revenue , the Norwegians put the income from oil into a special fund . should ` we still follow that example ?","the norwegian model show crack ; while the Netherlands rejoice in the natural gas revenue , the Norwegians put the income from oil into a special fund . should we follow that example ?"
150290165,Rabo moet Bruggink terugfluiten,Rabo has to whistle Bruggink back,Rabo must whistle Bruggink back,Rabo moeten Bruggink terugfluiten,Rabo have to whistle Bruggink back,Rabo must whistle Bruggink back
150290224,Loon investeren in je baan; Dit kan enorm veel positieve energie geven,Investing wages in your job; This can give a lot of positive energynvesting wages in your job; This can gvesting wa,Investing wages in your job; This can give you a lot of positive energy.,Loon investeren in je baan ; dit kunnen enorm veel positief energie geven,Invest wage in you job ; this can give a lot of positive energynvesting wage in you job ; this can gvest wa,Invest wage in you job ; this can give you a lot of positive energy .
150292226,D66 houdt dit kabinet in het zadel,D66 keeps this cabinet in the saddle,D66 keeps this cabinet in the saddle.,D66 houden dit kabinet in het zadel,D66 keep this cabinet in the saddle,D66 keep this cabinet in the saddle .
150292328,Europa krijgt zijn prestigieuze investeringsfonds,Europe gets its prestigious investment fund,Europe gets its prestigious investment fund,Europa krijgen zijn prestigieus investeringsfond,Europe get its prestigiious investment fund,Europe get its prestigiious investment fund
150761781,Obligatie van ver populair; Beleggers te negatief over opkomend schuldpapier,Bond by far popular; Investors too negative about emerging debt paper,Bond from far popular; Investors too negative about emerging debt.,Obligatie van ver populair ; Belegger te negateffen over opkomen schuldpapier,bond by far popular ; investor too negative about emerge debt paper,bond from far popular ; investor too negative about emerge debt .
10273,Dijsselbloem wil met Griekenland naar oplossing zoeken,Dijsselbloem wants to find a solution with Greece,Dijsselbloem wants to find a solution with Greece,Dijsselbloem willen met Griekenland naar oplossing zoeken,Dijsselbloem want to find a solution with Greece,Dijsselbloem want to find a solution with Greece
10881,Dijsselbloem: niet extra bezuinigen,Dijsselbloem: no extra cuts,Dijsselbloem: dont cut back extra,Dijsselbloem : niet extra bezuinigen,Dijsselbloem : no extra cut,Dijsselbloem : do not cut back extra
13997,Rechter draait loonsverlaging thuiszorgbedrijf terug,Judge reverses wage reduction home care company,Judge reverses pay cut home care company,rechter draait loonsverlaging thuiszorgbedrijf terug,judge reverse wage reduction home care company,judge reverse pay cut home care company
16609,"Wankel herstel van wereldeconomie, zegt het IMF","A shaky recovery in the global economy, says the IMF","Wavering global economic recovery, says the IMF","Wankel herstel van wereldeconomie , zeggen het IMF","a shaky recovery in the global economy , say the IMF","Waver global economic recovery , say the IMF"
18167,"Grieken op hun 57ste met pensioen, en wij maar werken. Of nie","Greeks retired at age 57, and we just work. Or not","Greeks retired when they were 57, and we work. Or not","Grieken op hun 57 met pensioen , en wij maar werken . Of nie","Greek retire at age 57 , and we just work . or not","Greeks retireed when they be 57 , and we work . or not"
18267,LIVE:  Laatste bod  alweer afgewezen - Grieken overwegen jur,LIVE:  Last bid  rejected again - Greeks consider jur,LIVE: Last bid again rejected - Greeks consider jury,live : laat bod alweer afgewezen - Grieken overwegen jur,Live : last bid reject again - Greeks consider jur,Live : last bid again reject - Greeks consider jury
18463,Nieuwe maatregelen in China na vrije val beurs,New measures in China after free fall stock market,New measures in China after free fall stock market,nieuw maatregel in China na vrij val beurs,new measure in China after free fall stock market,new measure in China after free fall stock market
20671,Thuiszorg in zwart circuit,Home care in black circuit,Home care in black circuit,Thuiszorg in zwart circuit,home care in black circuit,home care in black circuit
26049,Centrale Banken blijven steunen,Continue to support Central Banks,Continuing to support central banks.,Centrale Bank blijven steunen,continue to support Central banks,continue to support central bank .
28489,Kabinet moet banendestructie aanpakken,Cabinet must tackle job destruction,Cabinet needs to tackle job destruction,kabinet moeten banendestructie aanpakken,cabinet must tackle job destruction,cabinet need to tackle job destruction
28877,Bank of Japan handhaaft omvang steunbeleid,Bank of Japan maintains size of support policy,Bank of Japan maintains size of support policy,Bank of Japan handhaaft omvang steunbeleid,Bank of Japan maintain size of support policy,Bank of Japan maintain size of support policy
33171,Luxemburg waarschuwt voor tweespalt Grexit,Luxembourg warns of a split Grexit,Luxembourg warns against double play Grexit,Luxemburg waarschuwen voor tweespalt Grexit,Luxembourg warn of a split Grexit,Luxembourg warn against double play Grexit
35149,Olieprijs vindt weg omhoog,Oil price finds way up,Oil price finds its way up,Olieprijs vinden weg omhoog,oil price find way up,oil price find its way up
42713,"Live - Varoufakis: Juncker las eigen plan niet, of lijdt aan ge","Live - Varoufakis: Juncker did not read his own plan, or suffers from ge","Live - Varoufakis: Juncker doesnt read his own plan, or suffers from a","live - Varoufakis : Juncker las eigen plan niet , of lijden aan ge","Live - Varoufakis : Juncker do not read he own plan , or suffer from ge","Live - Varoufakis : Juncker do not read he own plan , or suffer from a"
43269,Mogelijk 200 miljoen naheffing Brussel wegens hoger nationaal in,Possibly 200 million additional tax in Brussels due to higher national,Possible 200 million withholding tax in Brussels due to higher national tax rates.,mogelijk 200 miljoen naheffing Brussel wegens hoog nationaal in,possibly 200 million additional tax in Brussels due to higher national,possible 200 million withholde tax in Brussels due to higher national tax rate .
148571931,[Luchtvaart PARIJS. Luchtvaartmaatschappij Air Fran...]*,[Aviation PARIS. Airline Air France ...] *,[Airline PARIS. Airline Air Fran...]*,[ luchtvaart Parijs . Luchtvaartmaatschappij Air Fran ... ] *,[ Aviation Paris . airline Air France ... ] *,[ airline Paris . airline air Fran ... ] *
150277973,De pseudo-heffing die Feyenoord pijn doet ; Column,The pseudo-levy that hurts Feyenoord; Column,The pseudo levy that hurts Feyenoord; Column,de pseudo-heffing die Feyenoord pijn doen ; Column,the pseudo - levy that hurt Feyenoord ; column,the pseudo levy that hurt Feyenoord ; column
150280548,Economie is gebaat bij rust; Brief van de Dag,Economy benefits from rest; Letter of the Day,Economy benefits from rest; Letter of the Day,economie zijn baten bij rust ; brief van de dag,economy benefit from rest ; letter of the day,economy benefit from rest ; letter of the day
150280743,Huizenprijzen blijven stijgen,House prices keep rising,House prices continue to rise,Huizenprijs blijven stijgen,House price keep rise,House price continue to rise
150280865,Steunaankoop (I),Support purchase (I),Support purchase (I),Steunaankoop ( I ),support purchase ( I ),support purchase ( I )
150281185,Beleggersagenda,Investor agenda,Investor Diary,Beleggersagenda,investor agenday,investor Diary
150281436,Weer uitstel openheid naheffing,Again delay openness additional tax,"Again, postponement of the opening of the tax system",weer uitstel openheid naheffing,again delay openness additional tax,"again , postponement of the opening of the tax system"
150281689,Mkb krijgt meer,SMEs get more,SMEs get more,Mkb krijgen veel,SMEs get more,SMEs get more
150281780,"Inflatiedoel in zicht; Geldontwaarding volgens ECB naar 1,8% in 2017",Inflation target in sight; Money depreciation according to ECB to 1.8% in 2017,Inflation target in sight; ECB monetary devaluation to 1.8% in 2017,"Inflatiedoel in zicht ; Geldontwaarding volgens ECB naar 1,8% in 2017",inflation target in sight ; money depreciation accord to ECB to 1.8 % in 2017,inflation target in sight ; Ecb monetary devaluation to 1.8 % in 2017
150282064,Wat brengt TNT?,What does TNT bring?,What does TNT bring?,wat brengen TNT ?,what do Tnt bring ?,what do Tnt bring ?
150282473,Mes in eigen vlees voor meer zitplekken in trein,Knife in its own meat for more seats on the train,Knife in own meat for more seats in the train,Mes in eigen vlee voor veel zitplek in trein,knife in its own meat for more seat on the train,knife in own meat for more seat in the train
150284361,Maar we zijn hier in Emmen wel heel gelukkig,But we are very happy here in Emmen,But were very happy here in Emmen,maar we zijn hier in Emmen wel heel gelukkig,but we be very happy here in Emmen,but be very happy here in Emmen
150285134,We hebben dus de pest aan ouderen,So we hate the elderly,So we hate the elderly.,we hebben dus de pest aan oud,so we hate the elderly,so we hate the elderly .
150285160,Werkgevers torpederen caos,Employers destroy collective labor agreements,Employers torpedo collective agreements,Werkgever torpederen caos,Employer destroy collective labor agreement,Employer torpedue collective agreement
150285233,Net sluit zich rond Speed Events,Net joins Speed Events,Just closing in on Speed Events,net sluiten zich rond Speed Events,net join speed Events,just close in on speed Events
150285236,Grittenborgh als AZC,Grittenborgh as AZC,Grittenborgh as AZC,Grittenborgh als AZC,Grittenborgh as AZC,Grittenborgh as AZC
150285322,Coevorder voetbalclubs voorzien ondergang,Coevorder football clubs provide for ruin,Coevorder football clubs foresee ruin,Coevorde voetbalclub voorzien ondergang,Coevorder football club provide for ruin,Coevorder football club foresee ruin
150285464,"De extra bezuinigingen in 2013 waren niet nodig, maar ook niet schadelijk","The extra cuts in 2013 were not necessary, but also not harmful","The additional cuts in 2013 were not necessary, but not harmful either.","de extra bezuiniging in 2013 zijn niet nodig , maar ook niet schadelijk","the extra cut in 2013 be not necessary , but also not harmful","the additional cut in 2013 be not necessary , but not harmful either ."
150285689,IMF pleit voor wederopleving securitisaties voor mkbåÊ; Pogingen om deze markt nieuw leven in te blazen zijn onvoldoende,IMF calls for revival securitisations for SMEs; Attempts to breathe new life into this market are insufficient,IMF calls for revival of securitisations for SMEs; Attempts to revive this market are insufficient,IMF pleiten voor wederopleving securitisatie voor mkbåÊ ; poging om deze markt nieuw leven in te blazen zijn onvoldoende,Imf call for revival securitisation for SMEs ; attempts to breathe new life into this market be insufficient,Imf call for revival of securitisation for SMEs ; attempts to revive this market be insufficient
150286068,"ECB kan schuld kopen van BNG, Waterschapsbank en FMO","ECB can buy debt from BNG, Waterschapsbank and FMO","ECB can buy debt from BNG, Waterschapsbank and FMO","ECB kunnen schuld kopen van BNG , Waterschapsbank en FMO","ECB can buy debt from BNG , Waterschapsbank and FMO","ECB can buy debt from BNG , Waterschapsbank and FMO"
150286742,Duits cao-akkoord is kans voor Europa,German collective agreement is an opportunity for Europe,German collective agreement is an opportunity for Europe,Duits cao-akkoord zijn kans voor Europa,german collective agreement be a opportunity for Europe,german collective agreement be a opportunity for Europe
150286797,Afnemende groei hypotheken,Declining growth in mortgages,Decreasing growth in mortgages,Afnemend groei hypothek,Declin growth in mortgage,Decreas growth in mortgage
150286853,Olieprijs Malaise,Malaise oil price,Oil price Malaise,Olieprijs malaise,Malaise oil price,oil price Malaise
150287028,V&D stelt eventuele uitvoering loonsverlaging uit tot maart,V&D postpones any implementation of the salary reduction until March,V&D postpones any implementation of wage reduction until March,V&D stellen eventueel uitvoering loonsverlaging uit tot maart,V&d postpone any implementation of the salary reduction until March,V&d postpone any implementation of wage reduction until March
150287132,Griekenland is heel goed in staat om last van hoge overheidsschuld te dragen; Het is oneerlijk om te beweren dat de trojka Griekenland tot excessieve bezuinigingen heeft gedwongen,Greece is very capable of bearing high government debt; It is unfair to claim that the Troika has forced Greece into excessive spending cuts,Greece is perfectly capable of bearing the burden of high public debt; It is unfair to claim that the troika has forced Greece into excessive austerity measures,Griekenland zijn heel goed in staan om last van hoog overheidsschuld te dragen ; het zijn oneerlijk om te beweren dat de trojka Griekenland tot excessief bezuiniging hebben dwingen,Greece be very capable of bear high government debt ; it be unfair to claim that the Troika have force Greece into excessive spending cut,Greece be perfectly capable of bear the burden of high public debt ; it be unfair to claim that the troika have force Greece into excessive austerity measure
150287330,FINANCIÌÜLE AGENDA,FINANCIAL AGENDA,FINANCIAL AGENDA,FINANCIÌÜLE AGENDA,Financial agenday,Financial agenday
150287744,Redactie Telegraaf verzet zich tegen bezuinigingen,Editors Telegraaf opposes spending cuts,Editors Telegraaf resists cutbacks,Redactie Telegraaf verzetten zich tegen bezuiniging,Editors Telegraaf oppose spend cut,Editors Telegraaf resist cutback
150287941,5 - ontslagrecht,5 - dismissal law,5 - dismissal law,5 - ontslagrecht,5 - dismissal law,5 - dismissal law
150288147,Specialiseren om te overleven,Specialize for survival,Specializing to survive,specialiseren om te overleven,Specialize for survival,Specialize to survive
150288212,Hypotheekrente gaat omlaag,Mortgage interest rate goes down,Mortgage interest rates are going down.,Hypotheekrent gaan omlaag,Mortgage interest rate go down,Mortgage interest rate be go down .
150289787,Lufthansa-piloten staken,Lufthansa pilots strike,Lufthansa pilots strike,lufthansa-piloten staak,Lufthansa pilot 's strike,Lufthansa pilot 's strike
150289890,Rijke Rotterdammer moet starter helpen,Rich Rotterdammer must help starter,Rich Rotterdammer must help starter.,rijke Rotterdammer moeten starter helpen,Rich Rotterdammer must help starter,Rich Rotterdammer must help starter .
150290120,Asscher in actie voor eerlijk werk,Asscher in action for fair work,Asscher in action for fair work,Asscher in actie voor eerlijk werk,Asscher in action for fair work,Asscher in action for fair work
150290181,Verdraagt ons land protest der armen?,Does our country endure protest from the poor?,Does our country tolerate protest from the poor?,verdraagt ons land protest de arm ?,do we country endure protest from the poor ?,do we country tolerate protest from the poor ?
150291453,Partijen doen beloften alsof crisis er nooit is geweest,Parties make promises as if there was never a crisis,Parties make promises as if there has never been a crisis,partij doen beloften alsof crisis er nooit zijn zijn,party make promise as if there be never a crisis,party make promise as if there have never be a crisis
150291524,In 2030 geen import energie meer door VS,"In 2030, no more import energy from the US",In 2030 no more import of energy by the U.S.,in 2030 geen import energie veel door VS,"in 2030 , no more import energy from the US",in 2030 no more import of energy by the U.S.
150291795,Aandelenbezit risico voor lagere overheden,Share ownership risk for local authorities,Equity ownership risk for local governments,Aandelenbezit risico voor laag overheid,share ownership risk for local authority,equity ownership risk for local government
150292252,Staking tegen privatisering,Strike against privatization,Strike against privatisation,staking tegen privatisering,strike against privatization,strike against privatisation
150292674,Er is hulp onderweg voor het mkb,There is help on the way for SMEs,Theres help on the way for the SME,er zijn hulp onderweg voor het mkb,there be help on the way for SMEs,Ther help on the way for the Sme
150292968,Geldinjectie van ECB is ook psychologische aanjager,Money injection from ECB is also a psychological driver,Money injection from ECB is also psychological driver,Geldinjectie van ECB zijn ook psychologisch aanjager,money injection from ECB be also a psychological driver,money injection from ECB be also psychological driver
150759520,"Help, waar zijn al die banen?","Help, waar zijn al die banen?","Help, where are all these jobs?","Help , waar zijn al die ban ?","help , waar zijn al die banen ?","help , where be all these job ?"
150759764,Pon koopt in VS fietsfabrikant,Pon buys bicycle manufacturer in the USA,Pon buys in US bike manufacturer,Pon kopen in VS fietsfabrikant,pon buy bicycle manufacturer in the USA,Pon buy in US bike manufacturer
150760005,"Geen loonoffer, wel 400 banen weg bij V&D","No pay offer, but 400 jobs away at V&D","No wage sacrifice, as many as 400 jobs away from V&D","geen loonoffer , wel 400 ban weg bij V&D","no pay offer , but 400 job away at V&D","no wage sacrifice , as many as 400 job away from V&D"
150761251,Arbeidsverhoudingen Zzp-aftrek verdeelt vakbonden ; Economie Kort,Labor relations Self-employed tax relief divides trade unions; Economy Short,Labour relations Zzp-deduction divides trade unions ; Economy Short,Arbeidsverhouding Zzp-aftrek verdelen vakbond ; economie kort,Labor relation self - employ tax relief divide trade union ; economy short,Labour relation Zzp - deduction divide 's trade union ; economy Short
150761497,Griekse beurs ook dicht,Griekse beurs ook dicht,Greek stock market also closed,Grieks beurs ook dicht,Griekse beur ook dicht,greek stock market also close
150761515,EU-geld voor werkloosheid,EU money for unemployment,EU money for unemployment,EU-geld voor werkloosheid,EU money for unemployment,EU money for unemployment
163450725,Huurders en corporaties positief over plan Blok,Tenants and corporations positive about the Blok plan,Tenants and housing corporations positive about Blok plan,Huurder en corporatie positief over plan Blok,tenant and corporation positive about the Blok plan,tenant and housing corporation positive about Blok plan
163464792,Met nee houden we onze waardigheid,With no we keep our dignity,"No, we keep our dignity.",met nee houden we ons waardigheid,with no we keep we dignity,"no , we keep we dignity ."
163464805,"Drie jaar WW staat in de wet, maar blijkt een dood recht","Three years of unemployment benefit is in law, but turns out to be a dead right","Three years WW is in the law, but turns out to be a dead right","drie jaar Ww staan in de wet , maar blijken een dood recht","three year of unemployment benefit be in law , but turn out to be a dead right","three year WW be in the law , but turn out to be a dead right"
163500016,Minder ontslagbescherming en lagere WW moeten oudere aan werk krijgen,Less dismissal protection and lower unemployment benefits should get older people to work,Less protection against dismissal and lower unemployment rates should get older people into work,weinig ontslagbescherming en laag WW moeten oud aan werk krijgen,less dismissal protection and lower unemployment benefit should get older people to work,less protection against dismissal and lower unemployment rate should get older people into work
163500101,Huizenprijzen stijgen weer na verlies Labour,House prices rise again after Labor loss,House prices rise again after loss Labour,Huizenprijzen stijgen weer na verlies Labour,House price rise again after Labor loss,House price rise again after loss Labour
164107492,Regels over ontslag worden eenvoudiger,Rules about dismissal become easier,Rules on dismissal become simpler,regel over ontslag worden eenvoudiger,rule about dismissal become easier,rule on dismissal become simpler
164107570,"Niet slecht, gewoon arm","Not bad, just poor","Not bad, just poor","niet slecht , gewoon arm","not bad , just poor","not bad , just poor"
164107833,V&D : akkoord met een zwart randje,V&D: agree with a black edge,V&D : agreement with a black border,V&D : akkoord met een zwart rand,V&d : agree with a black edge,V&d : agreement with a black border
11745,Cyprus heft laatste restricties op na crisis,Cyprus lifts final restrictions after crisis,Cyprus removes latest restrictions after crisis,Cyprus hbben laat restrictie op na crisis,Cyprus lift final restriction after crisis,Cyprus remove latest restriction after crisis
12255,TSN Thuiszorg vreest honderden gedwongen ontslagen,TSN Thuiszorg fears hundreds of redundancies,TSN Homecare fears hundreds of redundancies,TSN Thuiszorg vrezen honderden dwingen ontslaan,TSN Thuiszorg fear hundred of redundancy,Tsn Homecare fear hundred of redundancy
12727,"Economie groeit met 0,4 procent",Economy is growing by 0.4 percent,Economy grows by 0.4 percent,"economie groeien met 0,4 procent",economy be grow by 0.4 percent,economy grow by 0.4 percent
13623,Rabobank verhoogt hypotheekrente,Rabobank raises mortgage rates,Rabobank increases mortgage interest rates,Rabobank verhooggen hypotheekrente,Rabobank raise mortgage rate,Rabobank increase mortgage interest rate
13921,Familiebedrijf is niet uit op snelle winst,Family business is not after fast profit,Family business is not about quick profits.,familiebedrijf zijn niet uit op snel winst,family business be not after fast profit,family business be not about quick profit .
14315,"PvdA, D66: verder praten; PVV: nu Grexit","PvdA, D66: talk further; PVV: now Grexit","PvdA, D66: talking more; PVV: now Grexit","PvdA , D66 : ver praat ; PVV : nu Grexit","Pvda , D66 : talk further ; Pvv : now Grexit","Pvda , D66 : talk more ; PVV : now Grexit"
15479,Eurolanden eens over conceptakkoord Griekenland,Euro countries agree on draft agreement in Greece,Eurocountries agree on a draft agreement with Greece.,Eurolanden eens over conceptakkoord Griekenland,Euro country agree on draft agreement in Greece,Eurocountries agree on a draft agreement with Greece .
16435,Dijsselbloem wil nog niet zeggen wanneer ABN wel naar beurs kan,Dijsselbloem does not yet say when ABN can go public,Dijsselbloem does not yet mean when ABN can go public.,Dijsselbloem willen nog niet zeggen wanneer ABN wel naar beurs kunnen,thDijsselbloey do not yet say when Abn can go public,thDijsselbloey do not yet mean when Abn can go public .
17355,Consumenten besteden wederom meer. Hun vertrouwen stijgt ook wee,Consumers again spend more. Their confidence also increases,Consumers again spend more. Their confidence is also rising.,Consument besteden wederom veel . hun vertrouwen stijgen ook wee,Consumers again spend more . they confidence also increase,Consumers again spend more . they confidence be also rise .
17403,Griekse minister: we hebben het geld niet voor volgende IMF-beta,Griekse minister: we hebben het geld niet voor volgende IMF-beta,Greek Minister: We dont have the money for next IMF beta,Grieks minister : we hebben het gellen niet voor volgennen IMF-beta,Griekse minister : we hebben het geld niet voor volgende IMF - beta,greek Minister : we do not have the money for next IMF beta
17825,Griekenland en schuldeisers: meer onderhandelingen nodig,Greece and creditors: more negotiations needed,Greece and creditors: more negotiations needed,Griekenland en schuldeiser : veel onderhandeling nodig,Greece and creditor : more negotiation need,Greece and creditor : more negotiation need
18203,Duizenden banen weg bij Air France,Duizenden banen weg bij Air France,Thousands of jobs away from Air France,duizend ban weg bij Air France,Duizenden banen weg bij Air France,thousand of job away from Air France
20099,Gesprekken met Griekenland weer zonder resultaat afgebroken,Conversations with Greece were interrupted again without result,Discussions with Greece again unsuccessfully broken off.,gesprek met Griekenland weer zonder resultaat afgebreken,conversation with Greece be interrupt again without result,discussion with Greece again unsuccessfully break off .
24207,DAF verhoogt productie met extra personeel,DAF increases production with extra staff,DAF increases production with additional personnel,Daf verhooggen productie met extra personeel,Daf increase production with extra staff,Daf increase production with additional personnel
25057,Best Buy schrapt 1500 banen,Best Buy scrapes 1500 jobs,Best Buy deletes 1500 jobs,best Buy schrappen 1500 ban,best buy scrape 1500 job,best buy delete 1500 job
25859,Meer faillissementen in maart,More bankruptcies in March,More bankruptcies in March,veel faillissement in maart,more bankruptcy in March,more bankruptcy in March
27865,Kansen in Duits vastgoed,Opportunities in German real estate,Opportunities in German real estate,kans in Duits vastgoed,opportunity in german real estate,opportunity in german real estate
30387,Optimisme over belastingen,Optimism about taxes,Optimism about taxes,Optimisme over belasting,Optimism about tax,Optimism about tax
31787,Dubbelfout bij crisistaks,Double error with crisis tax,Double fault in crisis tax,Dubbelfout bij crisistaks,double error with crisis tax,double fault in crisis tax
33737,Uitgaven consumenten nemen verder toe,Consumer spending continues to rise,Expenditure by consumers continues to rise,uitgaaf consument nemen verder toe,consumer spend continue to rise,Expenditure by consumer continue to rise
33933,Flinke stijging export Japan,Substantial increase in Japans exports,Substantial increase in exports from Japan,flink stijging export Japan,substantial increase in Japans export,substantial increase in export from Japan
35327,Inflatie daalt naar 0 procent: moeten we daar wel of niet blij m,Inflation falls to 0 percent: should we be happy or not?,Inflation declines to 0 percent: Should we or should we not be happy there?,Inflatie dalen naar 0 procent : moeten we daar wel of niet blij m,inflation fall to 0 percent : should we be happy or not ?,inflation decline to 0 percent : should we or should we not be happy there ?
36159,Heijmans in het rood door bouwmalaise,Heijmans in red due to construction malaise,Heijmans in red due to building malaise,Heijmans in het rood door bouwmalaise,Heijmans in red due to construction malaise,Heijmans in red due to building malaise
39853,IMF schetst zwart scenario voor Griekenland,IMF outlines black scenario for Greece,IMF outlines black scenario for Greece,IMF schetsen zwart scenario voor Griekenland,Imf outlines black scenario for Greece,Imf outlines black scenario for Greece
40067,82 werknemers weg bij crÌÄå¬ches door signalen bij screening,82 werknemers weg bij crÌÄå¬ches door signalen bij screening,82 employees away from crches by signals at screening,82 werknemer weg bij crÌÄå¬ches door signaal bij screening,82 werknemer weg bij crÌÄå ¬ ch door signalen bij screening,82 employee away from crch by signals at screening
41177,Griekenland op 5 juni bankroet,Greece bankrupt on June 5,Greece went bankrupt on 5 June.,Griekenland op 5 juni bankroet,Greece bankruep on June 5,Greece go bankrupt on 5 June .
43227,De bal ligt bij het Griekse volk,The ball is with the Greek people,The ball is in the court of the Greek people,de bal liggen bij het Grieks volk,the ball be with the greek people,the ball be in the court of the greek people
43757,Griekenland officieel in gebreke bij IMF,Greece officially in default at IMF,Greece officially in default of IMF,Griekenland officieel in gebreke bij IMF,Greece officially in default at IMF,Greece officially in default of IMF
148571779,Obligaties goed spreiden,Spread bonds well,Spreading bonds well,Obligatie goed spreiden,spread bond well,spread bond well
148571912,Een muur van zorgen,A wall of worry,A wall of worries,een muur van zorg,a wall of worry,a wall of worrie
148572055,Pensioenspaarders zijn net konijnen; Erica antwoordt,Pension savers are just like rabbits; Erica answers,Pension savers are like rabbits; Erica replies,Pensioenspaarder zijn net konijn ; Erica antwoordt,Pension saver be just like rabbit ; Erica answer,Pension saver be like rabbit ; Erica reply
148572080,Over drie jaar kijkt Asscher of de flexwet echt werkt,In three years time Asscher will see if the flex act really works,"In three years time, Asscher will check whether the flex law really works.",over drie jaar kijken Asscher of de flexwet echt werken,in three year 's time Asscher will see if the flex act really work,"in three year time , Asscher will check whether the flex law really work ."
148572304,Opeens waren ze blut bij de Riagg,Suddenly they were broke at the Riagg,Suddenly they were broke with the Riagg,opeens zijn ze blutten bij de Riagg,suddenly they be break at the Riagg,suddenly they be break with the Riagg
148572309,Pinautomaat van de staat,State ATM,State ATM,Pinautomaat van de staat,State atm,State atm
148572371,"Ondernemers, daar is wat te halen","Entrepreneurs, there is something to be gained","Entrepreneurs, theres something to get there","Ondernemer , daar zijn wat te halen","Entrepreneurs , there be something to be gaine","Entrepreneurs , there be something to get there"
148572607,Opwaartse spiraal,Ascending spiral,Upward spiral,Opwaarts spiraal,Ascending spiral,Upward spiral
148572626,[Bankroet Amsterdam. Het aantal bedrijven dat faill...]*,[Bankrupt Amsterdam. The number of companies that go bankrupt ...] *,[Bankruptcy Amsterdam. The number of companies that went bankrupt...]*,[ Bankroet Amsterdam . het aantal bedrijf dat faill ... ] *,[ bankrupt Amsterdam . the number of company that go bankrupt ... ] *,[ bankruptcy Amsterdam . the number of company that go bankrupt ... ] *
150280542,Gemeente snoeit 5 miljoen minder; Door meevallers is stadskas goed gevuld,Municipality prunes 5 million less; City treasures are well stocked by windfalls,"Municipality cuts 5 million less; Because of windfalls, the citys treasury is well filled.",gemeente snoeit 5 miljoen weinig ; door meevaller zijn stadskas goed gevuld,municipality prune 5 million less ; City treasure be well stock by windfall,"municipality cut 5 million less ; because of windfall , the city treasury be well fill ."
150280818,"Ambitieus, en beloond",Ambitious and rewarded,"Ambitious, and rewarded","Ambitieus , en beloond",ambitious and rewarde,"ambitious , and rewarde"
150280838,Zorgen op Wall Street,Worry on Wall Street,Worries on Wall Street,zorgen op Wall Street,worry on Wall Street,worry on Wall Street
150281364,Arbeid loont,Labor pays off,Work pays off,arbeid loont,Labor pay off,work pay off
150281391,Sterk begin Wall Street,Sterk begin Wall Street,Strong beginning Wall Street,sterk begin Wall Street,Sterk begin wall Street,strong begin wall Street
150281393,Rutte wil adviezen,Rutte wants advice,Rutte wants advice,Rutte willen adviezen,Rutte want 's advice,Rutte want 's advice
150281460,Na eerste aanmaning stoppen geen optie; INTERVIEW Staatssecretaris Wiebes (FinanciÌÇn),No option to stop after the first reminder; INTERVIEW State Secretary Wiebes (Finance),No option to stop after the first reminder; INTERVIEW State Secretary Wiebes (Finance),na één aanmaning stoppen geen optie ; Interview staatssecretaris Wiebes ( FinanciÌÇn ),no option to stop after the first reminder ; interview State Secretary Wiebes ( finance ),no option to stop after the first reminder ; interview State Secretary Wiebes ( finance )
150281528,Richt op taksverlaging,Focus on tax reduction,Aimed at branch reduction,richt op taksverlaging,focus on tax reduction,aim at branch reduction
150281546,Hypotheek oversluiten?,Mortgage transfer?,Mortgage override?,Hypotheek oversluiten ?,Mortgage transfer ?,Mortgage override ?
150281721,Banen,Jobs,Jobs,Baan,Jobs,Jobs
150281749,Ruim 6000 banen erbij,"More than 6,000 jobs",More than 6000 jobs added,ruim 6000 ban erbij,"more than 6,000 job",more than 6000 job add
150281763,Grieken zijn weer platzak,Greeks are flat again,Greeks are flat-bagged again,Grieken zijn weer platzak,Greek be flat again,Greek be flat - bag again
150281902,AEX hervat voortgang,AEX resumes progress,AEX resumes progress,AEX hervatten voortgang,Aex resume progress,Aex resume progress
150282123,Werk in zorg onmogelijk door bezuinigingen,Work in care impossible due to spending cuts,Work in health care impossible due to budget cuts,werk in zorg onmogelijk door bezuiniging,work in care impossible due to spend cut,work in health care impossible due to budget cut
150284575,Grieken krijgen wind eurogroep van voren,Greeks get wind euro group from the front,Greeks get wind Eurogroup in front,Grieken krijgen wind eurogroep van voor,Greeks get wind euro group from the front,Greeks get wind Eurogroup in front
150284678,De overheid moet geen cent in voetbalclubs steken,The government should not spend a cent on football clubs,The government shouldnt put a penny in football clubs,de overheid moeten geen cent in voetbalclubs steken,the government should not spend a cent on football club,the government should not put a penny in football club
150284858,Restschulden nekken bouw,Residual debts neck construction,Residual debts necks construction,Restschulden nekken bouw,residual debt neck construction,residual debt neck construction
150285106,Einde voor Synergon en Wedeka,End for Synergon and Wedeka,End for Synergon and Wedeka,einde voor Synergon en Wedeka,end for Synergon and Wedeka,end for Synergon and Wedeka
150285235,Rechtsbijstand,Legal counsel,Legal aid,Rechtsbijstand,legal counsel,legal aid
150285237,OZB-aanslag,Property tax assessment,OZB attack,OZB-aanslag,property tax assessment,Ozb attack
150285424,Marktwaarde op Japanse beurs overschrijdt piek van 1989; Tokio breekt een haast mythisch record,Market value on Japanese stock market exceeds peak of 1989; Tokyo breaks an almost mythical record,Market value on Japanese stock exchange exceeds its 1989 peak; Tokyo breaks an almost mythical record,Marktwaarde op Japans beurs overschrijden piek van 1989 ; Tokio breken een haast mythisch record,market value on japanese stock market exceed 's peak of 1989 ; Tokyo break a almost mythical record,market value on japanese stock exchange exceed its 1989 peak ; Tokyo break a almost mythical record
150285703,Spaargrens,Savings limit,Savings limit,Spaargrens,savings limit,savings limit
150285805,Industrie-index stevig in de plus,Industry index firmly in the plus,Industry index firmly in the plus,Industrie-index stevig in de plus,Industry index firmly in the plus,Industry index firmly in the plus
150285850,Afwachtende Fed en matige groei drukken beurzen VS,Pending Fed and moderate growth are pushing US stock markets,Waiting Fed and moderate growth depress US stock markets,Afwachten Fed en matig groei drukken beurs VS,pend fed and moderate growth be push US stock market,wait fed and moderate growth depress US stock market
150285890,Waartoe dient het handelsverdrag?,What is the purpose of the trade agreement?,What is the purpose of the trade agreement?,Waartoe dienen het handelsverdrag ?,what be the purpose of the trade agreement ?,what be the purpose of the trade agreement ?
150286491,Snel groeiend FMO gaat ook `impact meetellen,Fast-growing FMO will also count `impact,Rapidly growing FMO will also include impact.,snel groeien FMO gaan ook `impact meetellen,fast - grow Fmo will also count ` impact,rapidly grow Fmo will also include impact .
150286500,De kosten van een `Grexit zijn veel groter dan slechts financieel,The costs of a Grexit are much greater than just financialhe costs of a Grexit are much greater thane costs of a Grexit are muc costs of a Grco,The costs of a Grexit are much greater than just financial.,de kost van een `Grexit zijn veel groot dan slechts financieel,the cost of a Grexit be much greater than just financialhe cost of a Grexit be much greater thane cost of a Grexit be muc cost of a Grco,the cost of a Grexit be much greater than just financial .
150286649,`Denemarken laat euro niet los,`Denemarken laat euro niet los,Denmark wont let go of the euro,`Denemark laten euro niet los,` Denemarken laat euro niet los,Denmark will not let go of the euro
150286741,Ook Ierse rente duikt onder 1%,Irish interest also falls below 1%,Irish interest rates also fall below 1%,ook Iers rente duikken onder 1%,irish interest also fall below 1 %,irish interest rate also fall below 1 %
150287082,Griekenland loopt zonder steun al snel financieel vast; De regering in Athene staat onder grote druk. Begin maart moeten de Grieken al leningen aflossen,Greece quickly gets stuck without support; The government in Athens is under great pressure. At the beginning of March the Greeks already have to repay loans,"Without support, Greece quickly becomes financially stagnant; the government in Athens is under great pressure. At the beginning of March the Greeks already have to repay loans.",Griekenland lopen zonder steun al snel financieel vast ; de regering in Athene staan onder groot druk . begin maart moeten de Grieken al lening aflos,Greece quickly get stuck without support ; the government in Athens be under great pressure . at the beginning of March the Greeks already have to repay loan,"without support , Greece quickly become financially stagnant ; the government in Athens be under great pressure . at the beginning of March the Greeks already have to repay loan ."
150287157,AFM noemt cfds `zeer risicovolle producten; Lang verwacht rapport wijst op enorme verliezen bij beleggers in andere landen en hoge restschulden,The AFM calls CFDs high-risk products; Long-awaited report points to huge losses among investors in other countries and high residual debtshe AFM calls CFDs high-risk products; Long-awaited report points to huge losses among investors in other countries and e AFM calls CFDs high-risk products; Long-awaited report points to huge losses among investors in ot AFM calls CFDs high-risk products; Long-awaited report points to huge losses amonAFM calls CFDs high-risk products; Long-awaited report points to FM calls CFDs high-risk products; Long-awaited reM calls CFDs high-risk products; L calls CFDs high-riskcalls CFD,AFM calls cfds high-risk products; Long-awaited report points to huge losses by investors in other countries and high residual debts,AFM noemen cfds ` zeer risicovol product ; lang verwachten rapport wijst op enorm verlies bij belegger in ander land en hoog restschuld,the AFM call Cfds high - risk product ; Long - await report point to huge loss among investor in other country and high residual debtshe AFm call Cfds high - risk product ; Long - await report point to huge loss among investor in other country and e Afm call Cfds high - risk product ; Long - await report point to huge loss among investor in ot AFM call Cfds high - risk product ; Long - await report point to huge loss amonAFm call Cfds high - risk product ; Long - await report point to FM call Cfds high - risk product ; Long - await rem call Cfds high - risk product ; l call Cfds high - riskcall Cfd,AFm call cfd high - risk product ; Long - await report point to huge loss by investor in other country and high residual debt
150287297,Akkoord Brinks over sociaal plan,Brinks agreement on social plan,Brinks agreement on social plan,akkoord Brink over sociaal plan,Brink agreement on social plan,Brink agreement on social plan
150287309,Herstel olieprijs helpt New York,Oil price recovery helps New York,Recovery of oil price helps New York,herstel olieprijs helpen New York,oil price recovery help New York,recovery of oil price help New York
150287797,Zo word je een succesvolle huisjesmelker,In this way you become a successful house fancier,This is how you become a successful cottage grower...,zo worden je een succesvol huisjesmelker,in this way you become a successful house fancier,this be how you become a successful cottage grower ...
150287829,Advies: verzacht de bezuiniging op cultuur,Advice: mitigate the cut in culture,Advice: softens the cutbacks on culture,Advies : verzenken de bezuiniging op cultuur,advice : mitigate the cut in culture,advice : soften the cutback on culture
150288030,Waarom dat extra biljoen?,Why that extra trillion?,Why the extra trillion?,waarom dat extra biljoen ?,why that extra trillion ?,why the extra trillion ?
150288219,Bonden dagen V&D voor rechter ondanks verzachte loonmaatregel,V & D days in front of the court despite a softened wage measure,Unions days V&D in court despite mitigated wage measure,Bonden dagen V&D voor rechter ondanks verzenken loonmaatregel,V & would day in front of the court despite a soften wage measure,Unions day V&d in court despite mitigate wage measure
150289411,Gemeenten verdienen aan werklozen,Municipalities earn from the unemployed,Municipalities earn from the unemployed,gemeente verdienen aan werklos,municipality earn from the unemployed,municipality earn from the unemployed
150289675,Nederland kost Grieken miljoenen,The Netherlands costs millions of Greeks,The Netherlands costs Greeks millions,Nederland kost Grieken miljoen,the Netherlands cost million of Greeks,the Netherlands cost Greeks million
150289762,Lente ontluikt ook in onze portemonnee,Spring also buds in our wallet,Spring also bursts into our wallets,lente ontluiken ook in ons portemonnee,Spring also bud in we wallet,Spring also burst into we wallet
150290043,Air France en KLM moeten op zoek naar nieuwe besparingen,Air France and KLM must look for new savings,Air France and KLM need to look for new savings,Air France en KLM moeten op zoek naar nieuw besparing,Air France and KLM must look for new savings,Air France and KLM need to look for new savings
150290155,Profclubs nog in rode cijfers,Professional clubs still in red numbers,Professional clubs still in red figures,Profclub nog in rood cijfer,professional club still in red number,professional club still in red figure
150290321,Vaak ander doel vakantiegeld,Often different purpose holiday pay,Often different purpose holiday pay,vaak ander doel vakantiegeld,often different purpose holiday pay,often different purpose holiday pay
150290550,Beurs blijft lokken; Nieuwe site over beursgeschiedenis,Stock market continues to lure; New site about stock market history,Stock market continues to attract; New site on stock market history,beurs blijven lokken ; nieuw site over beursgeschiedenis,stock market continue to lure ; new site about stock market history,stock market continue to attract ; new site on stock market history
150290677,Aankondiging Draghi geeft beurzen impuls,Draghi announcement gives stock markets a boost,Announcement Draghi gives scholarships impulse,aankondiging Draghi geven beurs impuls,Draghi announcement give stock market be a boost,announcement Draghi give scholarship impulse
150290689,"miljard euro schade door griep; 2,2",billion euros damage caused by flu; 2.2,"billion euro flu damage; 2,2","miljard euro schaen door griep ; 2,2",billion euro damage cause by flu ; 2.2,"billion euro flu damage ; 2,2"
150290728,SER: eerder hulp bij zoeken baan,SER: earlier job search assistance,SER: earlier job search assistance,SER : eerder hulp bij zoeken baan,Ser : earlier job search assistance,Ser : earlier job search assistance
150291467,Wat is TTIP?,What is TTIP?,What is TTIP?,wat zijn TTIP ?,what be TTIP ?,what be TTIP ?
150291745,Ook Europa zucht onder dure medicijnen,Europe is also suffering from expensive medicines,Europe also suffers from expensive medicines,ook Europa zucht onder dur medicijn,Europe be also suffer from expensive medicines,Europe also suffer from expensive medicines
150292079,Er is veel tegen een beursgang ABN Amro,There is a lot against an ABN Amro IPO,There is a lot against an IPO ABN Amro,er zijn veel tegen een beursgang ABN Amro,there be a lot against a ABN Amro IPO,there be a lot against a IPO ABN Amro
150292152,Nederlandse economie zet nog een tandje bij,The Dutch economy is taking a further step,Dutch economy speeds up further,Nederlands economie zetten nog een tand bij,the Dutch economy be take a further step,Dutch economy speed up further
150292287,Duitse warenhuizen Karstadt staan voor drastische sanering,German department stores Karstadt stand for drastic remediation,German department stores Karstadt stand for drastic restructuring,Duits warenhuis Karstadt staan voor drastische sanering,german department store Karstadt stand for drastic remediation,german department store Karstadt stand for drastic restructuring
150292485,Aruba mag eigen begroting controleren,Aruba may check its own budget,Aruba may audit its own budget,Aruba mogen eigen begroting controleren,Aruba may check its own budget,Aruba may audit its own budget
150292504,Van Gansewinkel verlost van juk opkoopfondsen,Van Gansewinkel got rid of yoke purchase funds,Van Gansewinkel releases from yoke buyout funds,van Gansewinkel verlost van juk opkoopfondsen,Van Gansewinkel get rid of yoke purchase fund,Van Gansewinkel release from yoke buyout fund
150292655,Ser wil steun voor sociale bedrijven,Ser wants support for social companies,Ser wants support for social enterprises,Ser willen steun voor sociaal bedrijf,Ser want support for social company,Ser want support for social enterprise
150292763,Werken aan de Nieuwe Zijderoute,Working on the New Silk Road,Working on the New Silk Road,werk aan de Nieuwe Zijderoute,work on the New silk Road,work on the New silk Road
150292964,Met groei van de economie daalt aantal daklozen,"With economic growth, the number of homeless people is falling","As the economy grows, the number of homeless falls",met groei van de economie dalen aantal dakloos,"with economic growth , the number of homeless people be fall","as the economy grow , the number of homeless fall"
150292985,Industrie China krimpt tweede maand op rij,Industry China shrinks second month in a row,Manufacturing China shrinks second month in a row,industrie China krimpen twee maand op rij,Industry China shrink second month in a row,manufacture China shrinks second month in a row
150293151,Juist nu is er behoefte aan eenheid op het continent,Right now there is a need for unity on the continent,Just now there is a need for unity on the continent,Juist nu zijn er behoeft aan eenheid op het continent,right now there be a need for unity on the continent,just now there be a need for unity on the continent
150759335,Pensioenen iets beter,Pensions slightly better,Pensions slightly better,Pensioenen iets goed,Pension slightly better,Pension slightly better
150759487,IMF: Herstel economie in Nederland zet door,IMF: Economic recovery in the Netherlands continues,IMF: Economic recovery in the Netherlands continues,IMF : herstel economie in Nederland zetten door,Imf : economic recovery in the Netherlands continue,Imf : economic recovery in the Netherlands continue
150759578,Olieprijs,Oil price,Oil price,Olieprijs,oil price,oil price
150759827,Nederland hardst geraakt bij Brexit,The Netherlands hit hardest at Brexit,The Netherlands hit the hardest at Brexit.,Nederland hardst raken bij Brexit,the Netherlands hit hardest at Brexit,the Netherlands hit the hardest at Brexit .
150760402,Beleggers trekken hun geld weg van Turkse kapitaalmarkten,Investors are pulling their money away from Turkish capital markets,Investors withdraw their money from Turkish capital markets,Belegger trekken hun geld weg van Turks kapitaalmarkt,investor be pull they money away from Turkish capital market,investor withdraw they money from turkish capital market
150760433,Finse AAA-rating op de tocht bij kredietbeoordelaar Moodys,Finnish AAA rating on the trip with credit rating agency Moodys,Finnish AAA rating in question at Moodys credit rating agency,Fins AAA-rating op de tocht bij kredietbeoordelaar Moodys,Finnish Aa rating on the trip with credit rating agency Moodys,Finnish Aa rating in question at Moodys credit rate agency
150760834,Meer kans op vakantiebaan voor jongere,More chance on vacation job for younger,More chance of a holiday job for youngsters,veel kans op vakantiebaan voor jong,more chance on vacation job for younger,more chance of a holiday job for youngster
150760841,Beleggers wachten op referendum,Investors are waiting for referendum,Investors are waiting for a referendum,Belegger wachten op referendum,investor be wait for referendum,investor be wait for a referendum
150760842,Vijftien miljoen euro schade door muizenplaag,Fifteen million euros in damage caused by mouse plague,Fifteen million euro mouse-infestation damage,vijftien miljoen euro schaen door muizenplaag,Fifte million euro in damage cause by mouse plague,Fifte million euro mouse - infestation damage
150761558,Lage rente houdt aan,Low interest rate persists,Low interest rate continues,laag rente houden aan,low interest rate persist,low interest rate continue
150761686,Ik vrees voor een slecht compromis,I fear a bad compromise,Im afraid of a bad compromise.,ik vrezen voor een slecht compromis,I fear a bad compromise,I be afraid of a bad compromise .
150761828,Deflatiespook verdwenen,Deflation ghost disappeared,Deflation ghost disappeared,Deflatiespook verdwijnen,Deflation ghost disappear,Deflation ghost disappear
150762167,Meeste pensioenen onder water,Most pensions under water,Most pensions under water,veel pensioenen onder water,most pension under water,most pension under water
163464814,Onverwachte stijging Griekse werkloosheid,Unexpected rise in Greek unemployment,Unexpected increase in Greek unemployment,Onverwacht stijging Grieks werkloosheid,unexpect rise in greek unemployment,unexpect increase in greek unemployment
163500024,Scholingsrechten meenemen naar nieuwe werkgever; Belemmeringen verklaren voor deel bevinding van Oeso dat kwart werknemers wel opleiding wil volgen maar dit niet doet,"Take training rights to a new employer; For some of the OECD findings, obstacles explain that a quarter of employees want to follow training but do not",Bring training rights to new employer; Barriers explain part of OECDs finding that a quarter of employees want to follow training but do not do so,Scholingsrecht meenemen naar nieuw werkgever ; Belemmering verklaren voor deel bevinding van Oeso dat kwarten werknemers wel opleiding willen volgen maar dit niet doen,"take training rights to a new employer ; for some of the Oecd finding , obstacle explain that a quarter of employee want to follow training but do not",bring training rights to new employer ; barrier explain part of OECDs find that a quarter of employee want to follow training but do not do so
164107285,Nieuw werk voor ontslagenen Aldel,New work for dismissals Aldel,New jobs for dismissed Aldel,nieuw werk voor ontslagenen Aldel,new work for dismissal Aldel,new job for dismiss Aldel
164107366,Vakbonden vrezen banenverlies bij IHC,Trade unions fear job losses at IHC,Trade unions fear job losses at IHC,vakbonden vrezen banenverlies bij IHC,trade union 's fear job loss at IHC,trade union 's fear job loss at IHC
164107712,Blok creÌÇert tweedeling op gereguleerde huurmarkt,Blok creates dichotomy on the regulated rental market,Block creates dichotomy on regulated rental market,Blok creÌÇert tweedeling op reguleren huurmarkt,Blok create dichotomy on the regulated rental market,block create dichotomy on regulate rental market
164107913,"Slik die bittere Europese pil, zegt Cyprus","Take that bitter European pill, Cyprus says","Take that bitter European pill, says Cyprus.","Slik die bitter Europees pil , zeggen Cyprus","take that bitter european pill , Cyprus say","take that bitter european pill , say Cyprus ."
164107914,Nieuwe plannen kabinet om huurstijging in te dammen,New government plans to curb rent increases,New cabinet plans to curb rent increases,nieuw plannen kabinet om huurstijging in te dammen,new government plan to curb rent increase,new cabinet plan to curb rent increase
